rank,candidate_id,final_score,professional_band,subtype,current_title,years_experience,professional_band_score,current_work_subtype_score,retrieval_search_ranking_score,vector_embedding_hybrid_score,production_ml_system_score,evaluation_maturity_score,python_backend_platform_score,product_shipper_score,experience_fit_score,skill_corroboration_score,behavior_fit_score,logistics_fit_score,near_miss_penalty,coherence_risk_penalty,risk_flags
1,CAND_0046525,213.500000,senior_relevance_owner,relevance_ownership,Senior Machine Learning Engineer,6.1,126.000000,12.000000,20.000000,8.000000,12.000000,12.000000,2.000000,5.000000,8.000000,2.250000,4.000000,2.250000,0.000000,0.000000,
2,CAND_0086022,211.660000,senior_relevance_owner,search_ranking,Senior Applied Scientist,5.3,126.000000,10.000000,20.000000,8.000000,12.000000,12.000000,1.160000,5.000000,8.000000,2.850000,4.000000,2.650000,0.000000,0.000000,weak:skill_duration_overrun
3,CAND_0018499,211.360000,senior_relevance_owner,search_ranking,Senior Machine Learning Engineer,7.2,126.000000,10.000000,20.000000,8.000000,12.000000,12.000000,1.160000,5.000000,8.000000,2.400000,4.000000,2.800000,0.000000,0.000000,weak:repeated_role_description
4,CAND_0077337,209.910000,senior_relevance_owner,search_ranking,Staff Machine Learning Engineer,7.0,126.000000,10.000000,20.000000,8.000000,12.000000,12.000000,1.360000,5.000000,8.000000,1.950000,4.000000,1.600000,0.000000,0.000000,weak:repeated_role_description
5,CAND_0081846,209.425800,senior_relevance_owner,search_ranking,Lead AI Engineer,6.7,126.000000,10.000000,20.000000,8.000000,12.000000,12.000000,0.200000,4.425800,8.000000,2.400000,4.000000,2.400000,0.000000,0.000000,weak:skill_duration_overrun
6,CAND_0071974,206.188800,senior_relevance_owner,search_ranking,Senior AI Engineer,7.8,126.000000,10.000000,20.000000,8.000000,10.778800,9.600000,1.160000,5.000000,8.000000,3.000000,4.000000,0.650000,0.000000,0.000000,
7,CAND_0055905,204.229760,senior_relevance_owner,hybrid_retrieval,Senior Machine Learning Engineer,8.1,126.000000,10.000000,18.048960,8.000000,12.000000,12.000000,1.360000,2.970800,8.000000,1.650000,4.000000,0.200000,0.000000,0.000000,
8,CAND_0008425,203.248320,senior_relevance_owner,hybrid_retrieval,Senior NLP Engineer,7.8,126.000000,10.000000,17.027520,8.000000,12.000000,12.000000,1.360000,3.810800,8.000000,1.950000,4.000000,-0.900000,0.000000,0.000000,
9,CAND_0080766,203.023540,senior_relevance_owner,recommendation,Staff Machine Learning Engineer,8.8,126.000000,7.500000,18.394560,5.100480,12.000000,11.484500,5.000000,5.000000,8.000000,0.600000,1.294000,2.650000,0.000000,0.000000,
10,CAND_0088025,200.094600,senior_relevance_owner,search_ranking,Staff Machine Learning Engineer,8.6,126.000000,10.000000,20.000000,8.000000,6.000800,10.801000,1.442800,5.000000,8.000000,1.500000,4.000000,-0.650000,0.000000,0.000000,weak:repeated_role_description
11,CAND_0094759,198.260960,senior_relevance_owner,relevance_ownership,Lead AI Engineer,8.6,126.000000,12.000000,18.528960,8.000000,12.000000,12.000000,3.160000,5.000000,8.000000,2.700000,-2.128000,3.000000,10.000000,0.000000,weak:repeated_role_description
12,CAND_0011687,197.488800,senior_relevance_owner,search_ranking,Senior NLP Engineer,7.8,126.000000,10.000000,16.858080,7.270720,8.750000,8.400000,1.160000,5.000000,8.000000,0.600000,4.000000,1.450000,0.000000,0.000000,
13,CAND_0002025,197.445440,senior_relevance_owner,search_ranking,Senior AI Engineer,5.9,126.000000,10.000000,15.360000,7.125440,12.000000,6.700000,1.360000,5.000000,8.000000,0.450000,4.000000,1.450000,0.000000,0.000000,weak:skill_duration_overrun
14,CAND_0039754,196.382000,senior_relevance_owner,search_ranking,Senior Applied Scientist,16.2,126.000000,10.000000,20.000000,8.000000,9.282000,12.000000,0.200000,5.000000,0.000000,2.250000,4.000000,2.650000,3.000000,0.000000,
15,CAND_0037980,195.120680,senior_relevance_owner,search_ranking,Senior Applied Scientist,9.0,126.000000,10.000000,12.796800,0.452480,12.000000,9.101000,4.520400,5.000000,8.000000,0.600000,4.000000,2.650000,0.000000,0.000000,weak:repeated_role_description
16,CAND_0041611,191.894000,senior_relevance_owner,search_ranking,Staff Machine Learning Engineer,6.4,126.000000,10.000000,20.000000,8.000000,12.000000,12.000000,1.160000,5.000000,8.000000,0.450000,-2.916000,2.650000,10.000000,0.450000,weak:activity_before_signup | weak:skill_duration_overrun
17,CAND_0005538,190.665360,senior_relevance_owner,relevance_ownership,Senior AI Engineer,5.9,126.000000,12.000000,13.830720,2.944640,12.000000,2.900000,4.040000,5.000000,8.000000,1.050000,4.000000,-0.650000,0.000000,0.450000,weak:skill_duration_overrun | weak:repeated_role_description
18,CAND_0030468,190.096000,senior_relevance_owner,relevance_ownership,Senior Applied Scientist,5.4,126.000000,12.000000,12.263520,0.452480,12.000000,2.900000,4.680000,5.000000,8.000000,1.650000,4.000000,1.600000,0.000000,0.450000,weak:skill_duration_overrun | weak:repeated_role_description
19,CAND_0006567,189.915920,senior_relevance_owner,relevance_ownership,Senior AI Engineer,7.9,126.000000,12.000000,15.779520,0.320000,7.680000,2.900000,4.186400,5.000000,8.000000,1.800000,4.000000,2.250000,0.000000,0.000000,
20,CAND_0092278,187.174000,senior_relevance_owner,search_ranking,Senior NLP Engineer,6.8,126.000000,10.000000,20.000000,8.000000,12.000000,12.000000,0.000000,5.000000,8.000000,1.050000,-3.826000,0.950000,12.000000,0.000000,weak:repeated_role_description
21,CAND_0060072,186.534000,senior_relevance_owner,search_ranking,Staff Machine Learning Engineer,5.7,126.000000,10.000000,18.912000,8.000000,12.000000,9.600000,0.000000,5.000000,8.000000,1.500000,-2.128000,0.550000,10.000000,0.900000,weak:activity_before_signup | weak:skill_duration_overrun | weak:repeated_role_description
22,CAND_0068811,186.390120,direct_search_ranking,semantic_search,Applied ML Engineer,8.0,102.000000,9.000000,17.925120,8.000000,12.000000,12.000000,4.469000,5.000000,8.000000,1.350000,3.646000,3.000000,0.000000,0.000000,
23,CAND_0093547,185.117440,senior_relevance_owner,search_ranking,Senior Machine Learning Engineer,2.9,126.000000,10.000000,19.354080,7.184960,6.738400,7.404000,1.360000,4.950000,0.000000,0.900000,3.026000,0.650000,2.000000,0.450000,weak:skill_duration_overrun | weak:repeated_role_description
24,CAND_0061257,184.876080,senior_relevance_owner,search_ranking,Staff Machine Learning Engineer,8.0,126.000000,10.000000,12.199680,0.000000,7.040000,5.000000,4.186400,5.000000,8.000000,0.450000,4.000000,3.000000,0.000000,0.000000,
25,CAND_0009024,184.722600,direct_search_ranking,semantic_search,Search Engineer,5.2,102.000000,9.000000,19.653600,8.000000,12.000000,9.600000,4.669000,5.000000,8.000000,1.800000,4.000000,1.450000,0.000000,0.450000,weak:skill_duration_overrun | weak:repeated_role_description
26,CAND_0005649,183.006000,direct_search_ranking,semantic_search,Senior Data Scientist,7.4,102.000000,9.000000,20.000000,8.000000,11.543200,12.000000,0.962800,5.000000,8.000000,1.800000,4.000000,0.700000,0.000000,0.000000,
27,CAND_0007411,182.264000,senior_relevance_owner,search_ranking,Senior Machine Learning Engineer,8.0,126.000000,10.000000,17.338080,7.270720,9.435200,8.400000,1.160000,5.000000,8.000000,2.250000,-3.240000,2.650000,12.000000,0.000000,
28,CAND_0060054,181.624400,direct_search_ranking,semantic_search,AI Engineer,6.4,102.000000,9.000000,20.000000,8.000000,10.000000,12.000000,1.640400,5.000000,8.000000,2.400000,0.934000,2.650000,0.000000,0.000000,
29,CAND_0050454,181.220400,direct_search_ranking,semantic_search,AI Engineer,6.8,102.000000,9.000000,20.000000,8.000000,7.680000,12.000000,1.640400,5.000000,8.000000,0.900000,4.000000,3.000000,0.000000,0.000000,weak:repeated_role_description
30,CAND_0033861,180.605960,senior_relevance_owner,applied_ml,Senior NLP Engineer,8.0,126.000000,4.000000,14.112000,6.480960,12.000000,8.889000,2.000000,5.000000,8.000000,1.500000,-1.576000,1.200000,7.000000,0.000000,
31,CAND_0079387,180.099240,direct_search_ranking,semantic_search,AI Engineer,6.9,102.000000,9.000000,15.819840,8.000000,12.000000,9.101000,3.028400,5.000000,8.000000,2.700000,4.000000,1.450000,0.000000,0.000000,
32,CAND_0039383,180.040960,direct_search_ranking,search_ranking,Applied ML Engineer,7.1,102.000000,10.000000,19.291200,6.328960,8.640800,12.000000,0.680000,5.000000,8.000000,3.150000,4.000000,0.950000,0.000000,0.000000,weak:repeated_role_description
33,CAND_0030953,179.602240,direct_search_ranking,search_ranking,Search Engineer,7.8,102.000000,10.000000,20.000000,6.552640,11.543200,12.000000,1.840400,5.000000,8.000000,1.050000,0.966000,0.650000,0.000000,0.000000,weak:repeated_role_description
34,CAND_0070398,179.486400,direct_search_ranking,semantic_search,Machine Learning Engineer,7.2,102.000000,9.000000,20.000000,8.000000,9.636400,12.000000,0.200000,5.000000,8.000000,2.100000,4.000000,-0.450000,0.000000,0.000000,weak:repeated_role_description
35,CAND_0010685,179.442160,direct_search_ranking,search_ranking,NLP Engineer,6.7,102.000000,10.000000,20.000000,6.008960,7.042800,12.000000,3.508400,5.000000,8.000000,0.900000,3.782000,1.200000,0.000000,0.000000,
36,CAND_0053695,179.229360,direct_search_ranking,search_ranking,Recommendation Systems Engineer,5.8,102.000000,10.000000,20.000000,6.328960,7.680000,12.000000,2.320400,5.000000,8.000000,0.450000,4.000000,1.450000,0.000000,0.000000,weak:skill_duration_overrun
37,CAND_0086151,179.099240,direct_search_ranking,search_ranking,Recommendation Systems Engineer,7.7,102.000000,10.000000,20.000000,5.330240,6.000000,12.000000,4.469000,5.000000,8.000000,3.000000,4.000000,-0.700000,0.000000,0.000000,
38,CAND_0043228,178.942980,direct_search_ranking,search_ranking,Applied ML Engineer,6.8,102.000000,10.000000,20.000000,6.404480,6.547600,11.560500,3.708400,5.000000,8.000000,2.250000,2.022000,1.450000,0.000000,0.000000,
39,CAND_0057563,178.925600,direct_search_ranking,search_ranking,NLP Engineer,6.8,102.000000,10.000000,20.000000,6.537600,6.000000,12.000000,5.000000,5.000000,8.000000,0.900000,1.638000,1.850000,0.000000,0.000000,
40,CAND_0041669,178.915320,direct_search_ranking,search_ranking,Recommendation Systems Engineer,8.0,102.000000,10.000000,20.000000,3.854720,5.941600,12.000000,4.669000,5.000000,8.000000,1.200000,4.000000,2.250000,0.000000,0.000000,
41,CAND_0041610,178.747480,direct_search_ranking,search_ranking,Recommendation Systems Engineer,6.7,102.000000,10.000000,20.000000,4.428480,6.000000,12.000000,4.469000,5.000000,8.000000,0.900000,4.000000,2.400000,0.000000,0.450000,weak:skill_duration_overrun | weak:repeated_role_description
42,CAND_0066376,178.662160,direct_search_ranking,semantic_search,Applied ML Engineer,5.7,102.000000,9.000000,17.175360,8.000000,10.608400,9.600000,2.828400,5.000000,8.000000,1.950000,4.000000,0.950000,0.000000,0.450000,weak:salary_range_inverted | weak:skill_duration_overrun
43,CAND_0081686,178.597480,direct_search_ranking,search_ranking,Search Engineer,6.0,102.000000,10.000000,20.000000,5.100480,6.000000,12.000000,4.669000,5.000000,8.000000,3.750000,2.428000,-0.350000,0.000000,0.000000,weak:skill_duration_overrun
44,CAND_0009691,178.535600,direct_search_ranking,semantic_search,Applied ML Engineer,6.2,102.000000,9.000000,16.485600,8.000000,12.000000,9.600000,5.000000,5.000000,8.000000,0.600000,4.000000,-0.700000,0.000000,0.450000,weak:skill_duration_overrun | weak:repeated_role_description
45,CAND_0013613,178.440400,direct_search_ranking,semantic_search,Machine Learning Engineer,4.7,102.000000,9.000000,20.000000,8.000000,10.000000,12.000000,1.640400,5.000000,5.500000,1.650000,4.000000,-0.350000,0.000000,0.000000,weak:skill_duration_overrun
46,CAND_0030031,178.389440,direct_search_ranking,semantic_search,AI Engineer,5.7,102.000000,9.000000,17.637600,5.165440,12.000000,12.000000,3.028400,5.000000,8.000000,1.200000,2.158000,1.200000,0.000000,0.000000,weak:skill_duration_overrun
47,CAND_0018549,178.086380,direct_search_ranking,search_ranking,Recommendation Systems Engineer,6.8,102.000000,10.000000,20.000000,4.428480,5.378400,11.560500,4.669000,5.000000,8.000000,1.200000,4.000000,1.850000,0.000000,0.000000,
48,CAND_0061265,177.733800,direct_search_ranking,semantic_search,Recommendation Systems Engineer,6.6,102.000000,9.000000,20.000000,8.000000,10.000000,10.023000,1.840400,4.320400,8.000000,0.600000,4.000000,-0.050000,0.000000,0.000000,
49,CAND_0099401,177.714080,direct_search_ranking,semantic_search,NLP Engineer,7.7,102.000000,9.000000,17.858400,5.079680,12.000000,11.723000,4.669000,5.000000,8.000000,0.450000,1.384000,0.550000,0.000000,0.000000,weak:repeated_role_description
50,CAND_0041568,177.594800,direct_search_ranking,search_ranking,Search Engineer,5.2,102.000000,10.000000,20.000000,5.468800,6.374000,12.000000,5.000000,5.000000,8.000000,1.650000,3.752000,-1.650000,0.000000,0.000000,weak:skill_duration_overrun
51,CAND_0064326,177.591080,direct_search_ranking,search_ranking,Search Engineer,7.6,102.000000,10.000000,20.000000,3.178880,4.243200,12.000000,4.669000,5.000000,8.000000,2.250000,4.000000,2.250000,0.000000,0.000000,weak:repeated_role_description
52,CAND_0028793,177.443200,direct_search_ranking,semantic_search,Search Engineer,7.2,102.000000,9.000000,20.000000,8.000000,8.243200,12.000000,0.000000,5.000000,8.000000,1.650000,4.000000,-0.450000,0.000000,0.000000,
53,CAND_0065878,177.286040,direct_search_ranking,search_ranking,Senior Data Scientist,7.8,102.000000,10.000000,20.000000,3.077440,5.941600,12.000000,4.469000,5.000000,8.000000,1.650000,3.698000,1.450000,0.000000,0.000000,weak:repeated_role_description
54,CAND_0087630,177.244680,direct_search_ranking,semantic_search,AI Engineer,7.2,102.000000,9.000000,12.837600,7.934080,12.000000,10.304000,4.669000,5.000000,8.000000,1.650000,0.850000,3.000000,0.000000,0.000000,weak:repeated_role_description
55,CAND_0026532,177.182000,direct_search_ranking,semantic_search,Recommendation Systems Engineer,4.8,102.000000,9.000000,20.000000,8.000000,9.941600,9.600000,1.640400,5.000000,5.500000,1.950000,4.000000,0.550000,0.000000,0.000000,
56,CAND_0024466,177.000040,direct_search_ranking,search_ranking,Search Engineer,5.2,102.000000,10.000000,20.000000,4.352640,5.378400,12.000000,4.469000,5.000000,8.000000,2.250000,4.000000,-0.450000,0.000000,0.000000,weak:skill_duration_overrun
57,CAND_0017960,176.889120,direct_search_ranking,search_ranking,Recommendation Systems Engineer,7.7,102.000000,10.000000,20.000000,4.483520,8.675600,12.000000,0.880000,5.000000,8.000000,0.000000,4.000000,1.850000,0.000000,0.000000,weak:repeated_role_description
58,CAND_0093912,176.752280,direct_search_ranking,search_ranking,Senior Data Scientist,5.3,102.000000,10.000000,20.000000,4.790080,4.243200,12.000000,4.669000,5.000000,8.000000,1.050000,4.000000,1.450000,0.000000,0.450000,weak:skill_duration_overrun | weak:repeated_role_description
59,CAND_0075249,176.743040,direct_search_ranking,semantic_search,Applied ML Engineer,6.2,102.000000,9.000000,16.506240,8.000000,10.608400,7.900000,2.828400,5.000000,8.000000,2.250000,4.000000,0.650000,0.000000,0.000000,
60,CAND_0030348,176.724920,direct_search_ranking,semantic_search,Machine Learning Engineer,4.5,102.000000,9.000000,19.173120,8.000000,9.378400,9.600000,1.923400,5.000000,5.500000,0.900000,4.000000,2.250000,0.000000,0.000000,weak:skill_duration_overrun
61,CAND_0018722,176.322400,direct_search_ranking,semantic_search,Recommendation Systems Engineer,6.6,102.000000,9.000000,20.000000,8.000000,6.355600,11.723000,1.923400,4.320400,8.000000,0.450000,4.000000,0.550000,0.000000,0.000000,weak:repeated_role_description
62,CAND_0044222,175.953120,direct_search_ranking,semantic_search,AI Engineer,7.7,102.000000,9.000000,19.173120,8.000000,7.680000,12.000000,0.000000,5.000000,8.000000,0.450000,4.000000,0.650000,0.000000,0.000000,
63,CAND_0047721,175.870080,direct_search_ranking,semantic_search,Senior Data Scientist,7.0,102.000000,9.000000,19.002240,5.165440,8.288400,10.023000,4.469000,5.000000,8.000000,2.850000,1.522000,0.550000,0.000000,0.000000,
64,CAND_0051292,175.858800,direct_search_ranking,search_ranking,Applied ML Engineer,5.2,102.000000,10.000000,20.000000,5.550400,3.680000,12.000000,2.828400,5.000000,8.000000,1.350000,4.000000,1.450000,0.000000,0.000000,weak:skill_duration_overrun
65,CAND_0061339,175.842580,direct_search_ranking,semantic_search,Search Engineer,4.2,102.000000,9.000000,19.653600,6.167680,10.608400,11.484500,3.028400,5.000000,5.500000,0.000000,4.000000,0.300000,0.000000,0.900000,weak:activity_before_signup | weak:skill_duration_overrun | weak:repeated_role_description
66,CAND_0011162,175.833360,direct_search_ranking,search_ranking,Recommendation Systems Engineer,5.8,102.000000,10.000000,20.000000,1.992960,10.000000,12.000000,1.840400,5.000000,8.000000,0.450000,4.000000,0.550000,0.000000,0.000000,weak:skill_duration_overrun
67,CAND_0054123,175.621120,direct_search_ranking,semantic_search,Applied ML Engineer,4.7,102.000000,9.000000,15.621120,8.000000,11.603600,9.600000,3.028400,5.000000,5.500000,1.650000,2.368000,2.250000,0.000000,0.000000,weak:skill_duration_overrun
68,CAND_0069905,175.599400,direct_search_ranking,semantic_search,Applied ML Engineer,6.6,102.000000,9.000000,20.000000,8.000000,8.675600,10.801000,0.282800,3.840000,8.000000,0.450000,4.000000,0.550000,0.000000,0.000000,weak:repeated_role_description
69,CAND_0062247,175.443800,direct_search_ranking,semantic_search,AI Engineer,7.3,102.000000,9.000000,20.000000,8.000000,5.360000,10.023000,1.640400,4.320400,8.000000,0.450000,4.000000,2.650000,0.000000,0.000000,
70,CAND_0006557,175.395000,direct_search_ranking,search_ranking,NLP Engineer,7.9,102.000000,10.000000,19.163040,3.471360,5.941600,12.000000,4.469000,5.000000,8.000000,1.800000,4.000000,-0.450000,0.000000,0.000000,
71,CAND_0091909,175.390340,direct_search_ranking,semantic_search,Machine Learning Engineer,6.9,102.000000,9.000000,14.853600,5.165440,10.608400,11.484500,2.828400,5.000000,8.000000,0.600000,4.000000,1.850000,0.000000,0.000000,
72,CAND_0031593,175.366360,direct_search_ranking,search_ranking,Search Engineer,7.8,102.000000,10.000000,20.000000,3.768960,5.378400,12.000000,4.469000,5.000000,8.000000,0.450000,4.000000,0.300000,0.000000,0.000000,
73,CAND_0001610,175.304900,direct_search_ranking,semantic_search,Machine Learning Engineer,3.0,102.000000,9.000000,20.000000,8.000000,10.000000,11.484500,2.320400,5.000000,2.500000,0.450000,4.000000,0.550000,0.000000,0.000000,weak:skill_duration_overrun
74,CAND_0054394,175.147400,direct_search_ranking,semantic_search,Recommendation Systems Engineer,4.1,102.000000,9.000000,20.000000,7.608000,6.355600,11.723000,1.640400,4.320400,5.500000,0.000000,4.000000,3.000000,0.000000,0.000000,weak:skill_duration_overrun
75,CAND_0058575,175.109760,direct_search_ranking,semantic_search,AI Engineer,5.8,102.000000,9.000000,16.484160,8.000000,11.360000,10.304000,0.000000,4.961600,8.000000,0.450000,4.000000,0.550000,0.000000,0.000000,weak:skill_duration_overrun
76,CAND_0000031,175.048400,direct_search_ranking,search_ranking,Recommendation Systems Engineer,6.0,102.000000,10.000000,20.000000,1.728000,7.680000,12.000000,1.640400,5.000000,8.000000,1.200000,4.000000,2.250000,0.000000,0.450000,weak:skill_duration_overrun | weak:repeated_role_description
77,CAND_0075574,174.942960,direct_search_ranking,search_ranking,Machine Learning Engineer,5.7,102.000000,10.000000,20.000000,3.471360,4.243200,12.000000,2.828400,5.000000,8.000000,1.800000,4.000000,1.600000,0.000000,0.000000,weak:skill_duration_overrun
78,CAND_0014440,174.842600,direct_search_ranking,search_ranking,Recommendation Systems Engineer,6.4,102.000000,10.000000,20.000000,1.728000,6.995600,12.000000,4.469000,5.000000,8.000000,0.000000,4.000000,0.650000,0.000000,0.000000,weak:repeated_role_description
79,CAND_0083307,174.603360,direct_search_ranking,relevance_ownership,Search Engineer,7.8,102.000000,12.000000,19.052160,8.000000,5.040000,12.000000,1.840400,2.970800,8.000000,1.350000,4.000000,-1.650000,0.000000,0.000000,weak:repeated_role_description
80,CAND_0050876,174.494840,direct_search_ranking,search_ranking,Applied ML Engineer,6.0,102.000000,10.000000,20.000000,3.264640,5.378400,12.000000,4.751800,5.000000,8.000000,1.200000,4.000000,-0.650000,0.000000,0.450000,weak:skill_duration_overrun | weak:repeated_role_description
81,CAND_0098846,174.197120,direct_search_ranking,search_ranking,AI Engineer,7.6,102.000000,10.000000,18.010080,2.944640,6.995600,12.000000,2.828400,4.668400,8.000000,0.900000,4.000000,1.850000,0.000000,0.000000,weak:repeated_role_description
82,CAND_0036184,173.760000,direct_search_ranking,semantic_search,Recommendation Systems Engineer,6.0,102.000000,9.000000,20.000000,8.000000,7.680000,7.900000,0.000000,4.680000,8.000000,1.500000,4.000000,1.450000,0.000000,0.450000,weak:skill_duration_overrun | weak:repeated_role_description
83,CAND_0029367,173.461000,direct_search_ranking,semantic_search,Senior Data Scientist,5.7,102.000000,9.000000,20.000000,8.000000,7.680000,9.101000,0.000000,4.680000,8.000000,2.550000,4.000000,-0.650000,0.000000,0.900000,weak:salary_range_inverted | weak:skill_duration_overrun | weak:repeated_role_description
84,CAND_0046064,173.421400,direct_search_ranking,applied_ml,Senior NLP Engineer,8.9,102.000000,4.000000,14.791200,7.982400,12.000000,10.077000,2.200000,4.970800,8.000000,1.950000,4.000000,1.450000,0.000000,0.000000,
85,CAND_0070202,173.336780,direct_search_ranking,search_ranking,Machine Learning Engineer,5.1,102.000000,10.000000,20.000000,4.266880,5.378400,11.560500,4.669000,5.000000,8.000000,1.050000,2.062000,-0.650000,0.000000,0.000000,
86,CAND_0076251,173.040080,direct_search_ranking,semantic_search,Search Engineer,7.6,102.000000,9.000000,17.722080,8.000000,10.000000,6.700000,0.200000,3.840000,8.000000,2.100000,3.628000,1.850000,0.000000,0.000000,weak:repeated_role_description
87,CAND_0066999,172.595620,direct_search_ranking,search_ranking,Recommendation Systems Engineer,5.9,102.000000,10.000000,18.528000,0.715520,6.563200,10.360500,2.828400,5.000000,8.000000,1.800000,4.000000,2.800000,0.000000,0.000000,weak:skill_duration_overrun
88,CAND_0036437,172.538920,direct_search_ranking,search_ranking,Search Engineer,4.8,102.000000,10.000000,20.000000,0.846720,6.563200,12.000000,4.469000,5.000000,5.500000,1.650000,2.560000,2.400000,0.000000,0.450000,weak:skill_duration_overrun | weak:repeated_role_description
89,CAND_0061655,172.367880,direct_search_ranking,search_ranking,Machine Learning Engineer,4.6,102.000000,10.000000,20.000000,3.340480,5.378400,12.000000,4.669000,5.000000,5.500000,0.450000,2.580000,1.450000,0.000000,0.000000,weak:skill_duration_overrun
90,CAND_0070485,172.270320,direct_search_ranking,semantic_search,Search Engineer,6.4,102.000000,9.000000,20.000000,7.475520,5.360000,11.723000,1.923400,4.320400,8.000000,0.450000,3.668000,-1.650000,0.000000,0.000000,
91,CAND_0078002,172.149000,direct_search_ranking,search_ranking,Machine Learning Engineer,6.3,102.000000,10.000000,13.988160,3.077440,11.360000,12.000000,1.923400,5.000000,8.000000,0.600000,4.000000,0.650000,0.000000,0.450000,weak:skill_duration_overrun | weak:repeated_role_description
92,CAND_0015528,172.122600,direct_search_ranking,semantic_search,Applied ML Engineer,7.4,102.000000,9.000000,12.837600,8.000000,12.000000,7.900000,4.669000,5.000000,8.000000,0.600000,1.116000,1.450000,0.000000,0.450000,weak:activity_before_signup | weak:repeated_role_description
93,CAND_0096172,171.865920,direct_search_ranking,semantic_search,NLP Engineer,5.2,102.000000,9.000000,17.637120,8.000000,9.378400,7.900000,1.840400,5.000000,8.000000,0.900000,1.560000,0.650000,0.000000,0.000000,weak:skill_duration_overrun
94,CAND_0032515,171.863840,direct_search_ranking,search_ranking,Machine Learning Engineer,5.1,102.000000,10.000000,20.000000,0.554240,7.111200,12.000000,2.828400,5.000000,8.000000,2.100000,2.620000,-0.350000,0.000000,0.000000,weak:skill_duration_overrun
95,CAND_0003977,171.776000,direct_search_ranking,semantic_search,Recommendation Systems Engineer,4.6,102.000000,9.000000,20.000000,8.000000,7.680000,9.600000,0.200000,3.840000,5.500000,2.100000,2.306000,2.000000,0.000000,0.450000,weak:skill_duration_overrun | weak:repeated_role_description
96,CAND_0030827,171.765380,direct_search_ranking,search_ranking,Senior Data Scientist,5.4,102.000000,10.000000,20.000000,5.878080,3.680000,11.560500,2.828400,4.668400,8.000000,1.800000,4.000000,-2.650000,0.000000,0.000000,weak:skill_duration_overrun
97,CAND_0022812,171.650640,direct_search_ranking,search_ranking,Applied ML Engineer,4.5,102.000000,10.000000,18.404160,2.254080,10.000000,12.000000,2.520400,5.000000,5.500000,0.000000,2.122000,1.850000,0.000000,0.000000,weak:skill_duration_overrun
98,CAND_0024620,171.197780,direct_search_ranking,search_ranking,AI Engineer,5.9,102.000000,10.000000,20.000000,1.540480,6.000000,10.360500,3.028400,4.668400,8.000000,0.450000,4.000000,1.600000,0.000000,0.450000,weak:skill_duration_overrun | weak:repeated_role_description
99,CAND_0012957,170.999580,direct_search_ranking,search_ranking,Search Engineer,4.9,102.000000,10.000000,20.000000,4.266880,5.378400,11.560500,4.751800,5.000000,5.500000,0.450000,2.542000,-0.450000,0.000000,0.000000,weak:skill_duration_overrun
100,CAND_0076831,170.608260,direct_search_ranking,relevance_ownership,Search Engineer,4.0,102.000000,12.000000,16.800960,2.092800,12.000000,8.184500,0.880000,5.000000,5.500000,1.200000,4.000000,0.950000,0.000000,0.000000,weak:skill_duration_overrun
101,CAND_0096142,170.576720,direct_search_ranking,search_ranking,Applied ML Engineer,5.0,102.000000,10.000000,13.033440,3.178880,10.374000,12.000000,1.840400,5.000000,8.000000,1.200000,4.000000,-0.050000,0.000000,0.000000,
102,CAND_0076904,170.525600,direct_search_ranking,search_ranking,Senior Data Scientist,4.2,102.000000,10.000000,20.000000,6.243200,4.675600,12.000000,3.508400,4.668400,5.500000,0.000000,3.580000,-1.650000,0.000000,0.000000,weak:skill_duration_overrun
103,CAND_0040117,170.484640,direct_search_ranking,semantic_search,Recommendation Systems Engineer,6.5,102.000000,9.000000,11.112000,7.704640,9.283600,9.600000,2.828400,4.680000,8.000000,0.900000,3.926000,1.450000,0.000000,0.000000,weak:skill_duration_overrun
104,CAND_0042100,170.312640,direct_search_ranking,search_ranking,Machine Learning Engineer,7.3,102.000000,10.000000,19.841760,0.452480,5.040000,12.000000,2.828400,5.000000,8.000000,0.600000,4.000000,0.550000,0.000000,0.000000,
105,CAND_0077285,170.004000,direct_search_ranking,search_ranking,Recommendation Systems Engineer,5.5,102.000000,10.000000,13.117920,3.340480,10.995600,12.000000,0.000000,5.000000,8.000000,0.900000,4.000000,0.650000,0.000000,0.000000,weak:skill_duration_overrun
106,CAND_0051630,169.362880,direct_search_ranking,search_ranking,Machine Learning Engineer,6.0,102.000000,10.000000,20.000000,4.790080,3.680000,12.000000,3.028400,4.668400,8.000000,0.900000,1.196000,-0.900000,0.000000,0.000000,weak:skill_duration_overrun
107,CAND_0095528,169.103520,direct_search_ranking,semantic_search,Senior Data Scientist,5.3,102.000000,9.000000,11.684160,5.240960,12.000000,6.700000,3.028400,5.000000,8.000000,1.800000,4.000000,0.650000,0.000000,0.000000,
108,CAND_0042506,168.994480,direct_search_ranking,relevance_ownership,Search Engineer,4.2,102.000000,12.000000,14.695680,8.000000,5.378400,7.900000,2.520400,3.000000,5.500000,1.200000,4.000000,2.800000,0.000000,0.000000,weak:skill_duration_overrun
109,CAND_0005260,168.725020,direct_search_ranking,applied_ml,Senior NLP Engineer,5.2,102.000000,4.000000,13.448160,7.034560,12.000000,9.507500,2.200000,4.970800,8.000000,1.800000,1.914000,1.850000,0.000000,0.000000,weak:skill_duration_overrun
110,CAND_0079284,168.473840,direct_search_ranking,search_ranking,Machine Learning Engineer,4.9,102.000000,10.000000,12.837600,4.165440,9.378400,12.000000,1.640400,5.000000,5.500000,1.650000,1.502000,2.800000,0.000000,0.000000,weak:skill_duration_overrun
111,CAND_0044855,168.269880,direct_search_ranking,rag_system,Senior Data Scientist,6.6,102.000000,6.500000,14.042880,8.000000,6.995600,10.801000,1.640400,3.000000,8.000000,3.150000,2.290000,1.850000,0.000000,0.000000,
112,CAND_0007009,168.072220,direct_search_ranking,recommendation,Recommendation Systems Engineer,7.9,102.000000,7.500000,16.801920,8.000000,4.243200,11.505500,0.200000,2.121600,8.000000,0.900000,4.000000,2.800000,0.000000,0.000000,weak:repeated_role_description
113,CAND_0049538,168.045620,direct_search_ranking,search_ranking,Applied ML Engineer,5.8,102.000000,10.000000,18.208800,1.803520,6.000000,8.660500,2.828400,4.668400,8.000000,2.700000,2.426000,1.200000,0.000000,0.450000,weak:skill_duration_overrun | weak:repeated_role_description
114,CAND_0052682,167.319840,direct_search_ranking,semantic_search,NLP Engineer,6.6,102.000000,9.000000,8.900160,7.602880,8.288400,9.600000,3.028400,5.000000,8.000000,0.450000,4.000000,1.450000,0.000000,0.000000,
115,CAND_0010770,167.124720,direct_search_ranking,search_ranking,Recommendation Systems Engineer,15.2,102.000000,10.000000,20.000000,4.704320,7.680000,12.000000,1.640400,5.000000,0.000000,0.450000,4.000000,2.650000,3.000000,0.000000,weak:repeated_role_description
116,CAND_0091534,167.041600,direct_search_ranking,search_ranking,AI Engineer,16.6,102.000000,10.000000,20.000000,6.451200,4.675600,12.000000,2.828400,4.668400,0.000000,1.650000,2.768000,3.000000,3.000000,0.000000,
117,CAND_0094056,167.029040,direct_search_ranking,semantic_search,NLP Engineer,5.9,102.000000,9.000000,19.176000,7.871040,10.000000,5.000000,0.200000,3.840000,8.000000,0.900000,1.492000,-0.450000,0.000000,0.000000,weak:skill_duration_overrun
118,CAND_0079064,166.980960,direct_search_ranking,semantic_search,Senior Data Scientist,5.2,102.000000,9.000000,16.196160,8.000000,5.923200,9.600000,0.000000,2.961600,8.000000,1.350000,4.000000,-0.050000,0.000000,0.000000,weak:skill_duration_overrun
119,CAND_0037000,166.514360,direct_search_ranking,relevance_ownership,Search Engineer,2.7,102.000000,12.000000,20.000000,6.328960,3.680000,12.000000,1.640400,3.749000,0.000000,2.700000,1.616000,2.800000,2.000000,0.000000,weak:skill_duration_overrun
120,CAND_0007412,166.453960,direct_search_ranking,rag_system,Applied ML Engineer,7.4,102.000000,6.500000,14.884320,7.704640,4.675600,12.000000,1.640400,3.749000,8.000000,1.350000,4.000000,-0.050000,0.000000,0.000000,weak:repeated_role_description
121,CAND_0020708,166.206640,direct_search_ranking,semantic_search,Search Engineer,4.2,102.000000,9.000000,19.258080,7.709760,5.923200,7.404000,0.200000,2.961600,5.500000,1.050000,4.000000,1.200000,0.000000,0.000000,weak:skill_duration_overrun
122,CAND_0020877,166.188960,direct_search_ranking,semantic_search,Applied ML Engineer,5.1,102.000000,9.000000,13.700160,8.000000,5.923200,10.304000,0.000000,3.801600,8.000000,1.650000,1.560000,2.250000,0.000000,0.000000,weak:skill_duration_overrun
123,CAND_0064270,165.984720,direct_search_ranking,search_ranking,Applied ML Engineer,4.2,102.000000,10.000000,18.138240,2.254080,5.360000,12.000000,2.520400,5.000000,5.500000,0.000000,1.412000,2.250000,0.000000,0.450000,weak:activity_before_signup | weak:skill_duration_overrun
124,CAND_0049896,165.812960,direct_search_ranking,relevance_ownership,Search Engineer,7.3,102.000000,12.000000,13.541280,7.602880,5.378400,7.900000,1.840400,3.000000,8.000000,0.000000,4.000000,0.550000,0.000000,0.000000,
125,CAND_0006418,165.508880,direct_search_ranking,search_ranking,Machine Learning Engineer,5.7,102.000000,10.000000,9.380160,0.715520,10.563200,12.000000,0.200000,5.000000,8.000000,1.650000,4.000000,2.000000,0.000000,0.000000,weak:skill_duration_overrun
126,CAND_0011432,164.650480,direct_search_ranking,search_ranking,Senior Data Scientist,7.6,102.000000,10.000000,12.357600,3.178880,7.680000,12.000000,0.000000,5.000000,8.000000,0.450000,3.334000,0.650000,0.000000,0.000000,weak:repeated_role_description
127,CAND_0042029,164.467680,direct_search_ranking,search_ranking,Senior Data Scientist,6.5,102.000000,10.000000,10.532160,4.803520,5.360000,12.000000,0.680000,5.000000,8.000000,1.500000,2.342000,2.250000,0.000000,0.000000,weak:skill_duration_overrun
128,CAND_0078042,164.275440,direct_search_ranking,search_ranking,Applied ML Engineer,4.7,102.000000,10.000000,17.659200,0.554240,6.355600,12.000000,1.640400,5.000000,5.500000,1.200000,2.616000,0.200000,0.000000,0.450000,weak:salary_range_inverted | weak:skill_duration_overrun
129,CAND_0068351,164.014240,direct_search_ranking,relevance_ownership,Lead AI Engineer,6.4,102.000000,12.000000,20.000000,0.554240,3.680000,2.900000,5.000000,5.000000,8.000000,0.450000,1.630000,2.800000,0.000000,0.000000,weak:skill_duration_overrun
130,CAND_0045250,163.977440,direct_search_ranking,search_ranking,Applied ML Engineer,6.6,102.000000,10.000000,8.420160,1.871680,10.995600,12.000000,0.000000,5.000000,8.000000,1.650000,1.040000,3.000000,0.000000,0.000000,
131,CAND_0044883,163.862280,direct_search_ranking,rag_system,AI Engineer,6.3,102.000000,6.500000,12.502080,8.000000,7.042800,12.000000,0.000000,3.521400,8.000000,1.350000,2.396000,0.550000,0.000000,0.000000,
132,CAND_0053591,163.784960,direct_search_ranking,search_ranking,AI Engineer,5.3,102.000000,10.000000,10.052160,4.947200,6.355600,12.000000,0.880000,5.000000,8.000000,0.900000,4.000000,-0.350000,0.000000,0.000000,
133,CAND_0099806,162.730560,direct_search_ranking,search_ranking,AI Engineer,4.6,102.000000,10.000000,12.357600,1.992960,7.680000,12.000000,0.000000,5.000000,5.500000,0.000000,4.000000,2.650000,0.000000,0.450000,weak:skill_duration_overrun | weak:repeated_role_description
134,CAND_0057701,161.802480,direct_search_ranking,search_ranking,Recommendation Systems Engineer,4.1,102.000000,10.000000,14.074080,2.092800,6.355600,12.000000,0.880000,5.000000,5.500000,1.800000,4.000000,-1.900000,0.000000,0.000000,weak:skill_duration_overrun
135,CAND_0039838,161.302820,direct_search_ranking,recommendation,Recommendation Systems Engineer,4.9,102.000000,7.500000,14.496960,2.178560,11.680000,8.184500,0.962800,5.000000,5.500000,0.450000,4.000000,-0.650000,0.000000,0.000000,weak:skill_duration_overrun
136,CAND_0037944,161.148080,direct_search_ranking,search_ranking,Senior Data Scientist,4.9,102.000000,10.000000,9.096000,3.340480,6.355600,12.000000,0.200000,5.000000,5.500000,2.250000,3.956000,1.450000,0.000000,0.000000,weak:skill_duration_overrun
137,CAND_0039521,160.414640,direct_search_ranking,search_ranking,Search Engineer,3.0,102.000000,10.000000,15.716160,3.340480,5.360000,12.000000,0.000000,5.000000,2.500000,1.350000,1.698000,1.450000,0.000000,0.000000,weak:skill_duration_overrun
138,CAND_0074225,159.996640,direct_search_ranking,search_ranking,Machine Learning Engineer,4.3,102.000000,10.000000,12.072000,3.264640,5.360000,12.000000,0.200000,5.000000,5.500000,1.050000,4.000000,-0.450000,0.000000,0.000000,weak:skill_duration_overrun
139,CAND_0040887,159.590160,direct_search_ranking,semantic_search,Machine Learning Engineer,4.7,102.000000,9.000000,13.700160,8.000000,5.360000,7.900000,0.200000,2.680000,5.500000,1.050000,4.000000,0.200000,0.000000,0.000000,weak:skill_duration_overrun
140,CAND_0055992,158.421000,direct_search_ranking,rag_system,AI Engineer,16.9,102.000000,6.500000,13.159200,8.000000,6.000000,12.000000,1.840400,3.521400,0.000000,2.550000,4.000000,1.850000,3.000000,0.000000,
141,CAND_0087364,158.357940,direct_search_ranking,recommendation,Recommendation Systems Engineer,4.9,102.000000,7.500000,13.945920,0.715520,11.680000,6.484500,0.200000,5.000000,5.500000,1.200000,1.132000,3.000000,0.000000,0.000000,weak:skill_duration_overrun
142,CAND_0019480,157.938480,direct_search_ranking,search_ranking,NLP Engineer,2.8,102.000000,10.000000,15.141600,4.266880,7.680000,12.000000,0.000000,5.000000,0.000000,0.000000,4.000000,0.300000,2.000000,0.450000,weak:skill_duration_overrun | weak:repeated_role_description
143,CAND_0089552,157.097760,direct_search_ranking,rag_system,Machine Learning Engineer,6.0,102.000000,6.500000,7.680960,8.000000,5.378400,9.600000,2.320400,3.840000,8.000000,2.850000,1.378000,-0.450000,0.000000,0.000000,weak:skill_duration_overrun
144,CAND_0065195,156.285680,direct_search_ranking,relevance_ownership,Search Engineer,5.1,102.000000,12.000000,8.928000,6.167680,6.000000,6.700000,0.000000,1.840000,8.000000,0.000000,4.000000,0.650000,0.000000,0.000000,weak:skill_duration_overrun
145,CAND_0009837,156.224080,direct_search_ranking,search_ranking,Senior Data Scientist,4.3,102.000000,10.000000,9.576000,0.452480,6.355600,12.000000,0.200000,5.000000,5.500000,1.800000,1.090000,2.250000,0.000000,0.000000,weak:skill_duration_overrun
146,CAND_0013536,154.759920,direct_search_ranking,search_ranking,Applied ML Engineer,14.1,102.000000,10.000000,15.258240,1.871680,7.680000,12.000000,0.000000,5.000000,0.000000,0.600000,4.000000,-0.650000,3.000000,0.000000,weak:repeated_role_description
147,CAND_0092245,154.538820,direct_search_ranking,search_ranking,Senior Data Scientist,4.1,102.000000,10.000000,9.096000,0.715520,5.360000,11.180500,0.282800,5.000000,5.500000,1.200000,3.554000,0.650000,0.000000,0.000000,weak:skill_duration_overrun
148,CAND_0075439,154.475680,direct_search_ranking,rag_system,Machine Learning Engineer,4.3,102.000000,6.500000,6.727680,7.790400,5.941600,9.600000,1.640400,4.121600,5.500000,1.050000,2.154000,1.450000,0.000000,0.000000,weak:skill_duration_overrun
149,CAND_0052328,153.472720,direct_search_ranking,recommendation,Recommendation Systems Engineer,6.5,102.000000,7.500000,9.803040,5.079680,6.000000,5.000000,0.200000,1.840000,8.000000,1.050000,4.000000,3.000000,0.000000,0.000000,weak:skill_duration_overrun
150,CAND_0074735,152.011200,direct_search_ranking,rag_system,Applied ML Engineer,5.5,102.000000,6.500000,8.266560,7.704640,6.000000,7.900000,0.000000,1.840000,8.000000,0.900000,4.000000,-0.650000,0.000000,0.450000,weak:skill_duration_overrun | weak:repeated_role_description
151,CAND_0081852,147.671440,direct_search_ranking,rag_system,Senior Data Scientist,5.9,102.000000,6.500000,4.128000,6.253440,6.000000,6.700000,0.000000,1.840000,8.000000,0.000000,4.000000,2.250000,0.000000,0.000000,
152,CAND_0076163,140.157720,applied_ml,search_ranking,NLP Engineer,6.9,72.000000,10.000000,20.000000,0.715520,1.923200,12.000000,4.669000,5.000000,8.000000,1.200000,4.000000,0.650000,0.000000,0.000000,weak:repeated_role_description
153,CAND_0027691,139.958880,applied_ml,ml_platform,NLP Engineer,6.5,72.000000,4.500000,15.126720,4.602560,12.000000,7.500000,1.840400,4.689200,8.000000,2.700000,4.000000,3.000000,0.000000,0.000000,weak:skill_duration_overrun
154,CAND_0052335,139.884000,applied_ml,search_ranking,Applied ML Engineer,6.4,72.000000,10.000000,17.338080,4.483520,2.355600,12.000000,3.508400,4.348400,8.000000,0.000000,4.000000,1.850000,0.000000,0.000000,weak:salary_range_inverted
155,CAND_0010257,133.141540,applied_ml,ml_platform,Senior Data Scientist,6.5,72.000000,4.500000,10.464000,4.352640,12.000000,8.184500,1.840400,5.000000,8.000000,2.850000,4.000000,-0.050000,0.000000,0.000000,
156,CAND_0083879,127.770820,applied_ml,ml_platform,Machine Learning Engineer,7.1,72.000000,4.500000,9.984960,1.991360,11.680000,6.484500,0.680000,5.000000,8.000000,0.450000,4.000000,3.000000,0.000000,0.000000,weak:repeated_role_description
157,CAND_0027801,127.717600,applied_ml,ml_platform,NLP Engineer,7.4,72.000000,4.500000,12.001920,4.790080,12.000000,5.304000,0.000000,4.121600,8.000000,1.050000,4.000000,-0.050000,0.000000,0.000000,weak:repeated_role_description
158,CAND_0072660,126.451440,applied_ml,ml_platform,Machine Learning Engineer,7.1,72.000000,4.500000,13.366080,2.178560,9.360000,5.023000,2.603400,4.320400,8.000000,0.900000,4.000000,0.200000,0.000000,0.000000,weak:repeated_role_description
159,CAND_0058688,125.641840,applied_ml,ml_platform,AI Engineer,6.7,72.000000,4.500000,6.924000,3.077440,12.000000,4.600000,1.840400,5.000000,8.000000,1.050000,4.000000,2.650000,0.000000,0.000000,
160,CAND_0081053,124.684880,applied_ml,ml_platform,NLP Engineer,5.4,72.000000,4.500000,8.160960,4.803520,12.000000,2.900000,2.320400,5.000000,8.000000,0.450000,4.000000,0.550000,0.000000,0.000000,weak:skill_duration_overrun
161,CAND_0033179,123.894800,applied_ml,recommendation,AI Research Engineer,6.9,72.000000,7.500000,20.000000,0.320000,7.680000,0.000000,1.026400,4.668400,8.000000,1.050000,4.000000,2.650000,5.000000,0.000000,
162,CAND_0005509,123.883200,applied_ml,recommendation,Data Scientist,6.0,72.000000,7.500000,19.742400,0.320000,8.640800,0.000000,0.880000,5.000000,8.000000,0.000000,4.000000,2.800000,5.000000,0.000000,weak:repeated_role_description
163,CAND_0015967,123.837680,applied_ml,recommendation,Senior Software Engineer (ML),5.4,72.000000,7.500000,16.824000,0.452480,8.640800,0.000000,2.520400,5.000000,8.000000,0.900000,4.000000,3.000000,5.000000,0.000000,
164,CAND_0095619,123.813700,applied_ml,search_ranking,NLP Engineer,15.6,72.000000,10.000000,15.706080,0.715520,1.923200,10.360500,2.828400,4.630000,0.000000,1.650000,4.000000,3.000000,3.000000,0.000000,
165,CAND_0061175,123.610000,applied_ml,recommendation,AI Research Engineer,6.7,72.000000,7.500000,20.000000,0.640000,7.680000,0.000000,2.040000,5.000000,8.000000,1.800000,4.000000,-0.050000,5.000000,0.000000,weak:repeated_role_description
166,CAND_0064904,123.066840,applied_ml,ml_platform,AI Engineer,4.9,72.000000,4.500000,8.064960,4.428480,12.000000,2.900000,1.923400,5.000000,5.500000,2.250000,4.000000,0.950000,0.000000,0.450000,weak:activity_before_signup | weak:skill_duration_overrun
167,CAND_0016163,122.931040,applied_ml,ml_platform,Applied ML Engineer,6.7,72.000000,4.500000,8.352960,5.878080,12.000000,2.900000,0.000000,5.000000,8.000000,0.600000,4.000000,-0.300000,0.000000,0.000000,weak:repeated_role_description
168,CAND_0069638,122.856000,applied_ml,recommendation,Computer Vision Engineer,6.2,72.000000,7.500000,20.000000,0.320000,7.680000,0.000000,0.680000,5.000000,8.000000,0.450000,3.576000,2.650000,5.000000,0.000000,weak:repeated_role_description
169,CAND_0092706,122.651680,applied_ml,recommendation,AI Research Engineer,5.8,72.000000,7.500000,20.000000,0.452480,8.640800,0.000000,1.840000,4.668400,8.000000,0.600000,4.000000,-0.050000,5.000000,0.000000,weak:salary_range_inverted
170,CAND_0064130,122.533280,applied_ml,recommendation,AI Research Engineer,6.7,72.000000,7.500000,19.181280,0.000000,7.680000,0.000000,2.040000,5.000000,8.000000,1.050000,3.232000,1.850000,5.000000,0.000000,weak:repeated_role_description
171,CAND_0044262,122.325440,applied_ml,recommendation,Data Scientist,6.9,72.000000,7.500000,18.590400,0.554240,8.640800,0.000000,2.040000,5.000000,8.000000,0.450000,4.000000,0.550000,5.000000,0.000000,weak:repeated_role_description
172,CAND_0004402,122.061920,applied_ml,recommendation,AI Research Engineer,6.0,72.000000,7.500000,18.029280,0.554240,7.680000,0.000000,0.880000,4.668400,8.000000,1.500000,4.000000,2.250000,5.000000,0.000000,
173,CAND_0046924,121.901040,applied_ml,recommendation,Computer Vision Engineer,6.3,72.000000,7.500000,20.000000,0.554240,8.640800,0.000000,1.840000,5.000000,8.000000,2.100000,1.766000,-0.050000,5.000000,0.450000,weak:salary_range_inverted | weak:repeated_role_description
174,CAND_0098952,121.767920,applied_ml,relevance_ownership,AI Research Engineer,5.5,72.000000,12.000000,14.001120,0.320000,7.680000,0.000000,1.026400,4.320400,8.000000,1.650000,3.770000,2.000000,5.000000,0.000000,
175,CAND_0093883,121.068840,applied_ml,relevance_ownership,AI Research Engineer,5.0,72.000000,12.000000,15.153120,0.715520,7.680000,0.000000,0.880000,4.818200,8.000000,0.450000,3.972000,0.400000,5.000000,0.000000,weak:repeated_role_description
176,CAND_0069248,120.947120,applied_ml,recommendation,AI Research Engineer,5.4,72.000000,7.500000,19.857120,0.320000,7.680000,0.000000,2.040000,5.000000,8.000000,0.000000,4.000000,-0.450000,5.000000,0.000000,
177,CAND_0078262,120.712480,applied_ml,recommendation,ML Engineer,4.9,72.000000,7.500000,19.746240,0.554240,7.680000,0.000000,0.880000,5.000000,5.500000,1.200000,3.802000,1.850000,5.000000,0.000000,weak:repeated_role_description
178,CAND_0013393,120.710480,applied_ml,recommendation,ML Engineer,5.3,72.000000,7.500000,16.344000,0.783680,8.640800,0.000000,1.840000,5.000000,8.000000,1.500000,3.452000,0.650000,5.000000,0.000000,weak:repeated_role_description
179,CAND_0070333,120.679680,applied_ml,recommendation,AI Research Engineer,4.7,72.000000,7.500000,19.661280,0.640000,7.680000,0.000000,0.680000,4.668400,5.500000,1.500000,4.000000,1.850000,5.000000,0.000000,
180,CAND_0030550,120.612120,applied_ml,relevance_ownership,AI Research Engineer,5.2,72.000000,12.000000,16.305120,0.320000,8.640800,0.000000,0.680000,4.818200,8.000000,0.000000,3.298000,-0.450000,5.000000,0.000000,
181,CAND_0048166,120.337440,applied_ml,recommendation,ML Engineer,5.2,72.000000,7.500000,17.438400,0.554240,8.640800,0.000000,1.840000,5.000000,8.000000,1.200000,1.214000,2.400000,5.000000,0.450000,weak:salary_range_inverted | weak:repeated_role_description
182,CAND_0093193,120.327840,applied_ml,relevance_ownership,Senior Machine Learning Engineer,7.9,72.000000,12.000000,8.895360,0.452480,3.040000,0.000000,4.040000,5.000000,8.000000,2.250000,4.000000,0.650000,0.000000,0.000000,weak:repeated_role_description
183,CAND_0049615,120.100400,applied_ml,recommendation,ML Engineer,5.1,72.000000,7.500000,19.070400,0.320000,7.680000,0.000000,0.880000,5.000000,8.000000,0.000000,4.000000,0.650000,5.000000,0.000000,weak:repeated_role_description
184,CAND_0060303,120.086800,applied_ml,relevance_ownership,AI Research Engineer,4.9,72.000000,12.000000,17.937120,0.452480,8.640800,0.000000,0.680000,4.320400,5.500000,0.900000,2.106000,0.550000,5.000000,0.000000,
185,CAND_0046132,120.028400,applied_ml,recommendation,AI Research Engineer,4.3,72.000000,7.500000,20.000000,0.000000,7.680000,0.000000,0.680000,4.668400,5.500000,0.000000,4.000000,3.000000,5.000000,0.000000,
186,CAND_0021410,119.915120,applied_ml,recommendation,Junior ML Engineer,4.0,72.000000,7.500000,19.785120,0.320000,7.680000,0.000000,0.880000,5.000000,5.500000,0.000000,4.000000,2.250000,5.000000,0.000000,weak:repeated_role_description
187,CAND_0073620,119.812320,applied_ml,relevance_ownership,AI Research Engineer,4.4,72.000000,12.000000,15.829440,0.452480,7.680000,0.000000,0.880000,4.320400,5.500000,1.200000,4.000000,0.950000,5.000000,0.000000,weak:salary_range_inverted
188,CAND_0080372,119.684480,applied_ml,recommendation,Computer Vision Engineer,5.2,72.000000,7.500000,15.149280,0.320000,9.378400,0.000000,2.186400,4.668400,8.000000,1.350000,3.182000,0.950000,5.000000,0.000000,
189,CAND_0065786,119.373280,applied_ml,recommendation,AI Specialist,4.9,72.000000,7.500000,20.000000,0.452480,8.640800,0.000000,0.880000,5.000000,5.500000,0.000000,4.000000,0.400000,5.000000,0.000000,weak:repeated_role_description
190,CAND_0076995,119.202800,applied_ml,recommendation,AI Research Engineer,4.4,72.000000,7.500000,20.000000,0.000000,7.680000,0.000000,2.122800,5.000000,5.500000,1.050000,4.000000,-0.650000,5.000000,0.000000,
191,CAND_0090300,119.153520,applied_ml,relevance_ownership,AI Research Engineer,5.3,72.000000,12.000000,15.153120,0.320000,7.680000,0.000000,0.680000,4.320400,8.000000,0.450000,4.000000,-0.450000,5.000000,0.000000,
192,CAND_0067643,118.999760,applied_ml,relevance_ownership,AI Research Engineer,6.0,72.000000,12.000000,15.153120,0.554240,7.680000,0.000000,0.680000,4.320400,8.000000,0.450000,1.312000,1.850000,5.000000,0.000000,weak:repeated_role_description
193,CAND_0043958,118.912160,applied_ml,recommendation,AI Research Engineer,6.7,72.000000,7.500000,19.661280,0.452480,9.378400,0.000000,1.840000,5.000000,8.000000,0.000000,1.980000,-1.900000,5.000000,0.000000,
194,CAND_0037160,118.830320,applied_ml,recommendation,Data Scientist,6.0,72.000000,7.500000,12.845280,0.554240,8.640800,0.000000,1.840000,5.000000,8.000000,0.450000,4.000000,3.000000,5.000000,0.000000,
195,CAND_0058412,118.821280,applied_ml,recommendation,Senior Software Engineer (ML),6.6,72.000000,7.500000,20.000000,0.452480,8.640800,0.000000,0.680000,5.000000,8.000000,1.050000,0.098000,0.400000,5.000000,0.000000,weak:repeated_role_description
196,CAND_0006538,118.721120,applied_ml,recommendation,AI Specialist,5.7,72.000000,7.500000,17.022720,0.320000,7.680000,0.000000,0.680000,4.668400,8.000000,0.000000,4.000000,1.850000,5.000000,0.000000,
197,CAND_0072232,118.704880,applied_ml,recommendation,ML Engineer,4.0,72.000000,7.500000,19.742400,0.452480,7.680000,0.000000,0.680000,5.000000,5.500000,0.600000,4.000000,0.550000,5.000000,0.000000,weak:repeated_role_description
198,CAND_0001494,118.558880,applied_ml,recommendation,Data Scientist,6.4,72.000000,7.500000,18.590400,0.452480,7.680000,0.000000,0.680000,5.000000,8.000000,0.600000,2.506000,0.550000,5.000000,0.000000,weak:repeated_role_description
199,CAND_0011327,118.540600,applied_ml,ml_platform,AI Research Engineer,6.3,72.000000,4.500000,15.153120,0.452480,9.336800,0.000000,2.680000,4.818200,8.000000,0.600000,4.000000,2.000000,5.000000,0.000000,
200,CAND_0021827,118.354240,applied_ml,recommendation,AI Research Engineer,4.4,72.000000,7.500000,20.000000,0.554240,7.680000,0.000000,1.840000,5.000000,5.500000,0.450000,2.280000,0.550000,5.000000,0.000000,
201,CAND_0015065,118.351680,applied_ml,recommendation,AI Research Engineer,3.9,72.000000,7.500000,20.000000,0.452480,8.640800,0.000000,2.040000,4.668400,2.500000,0.600000,4.000000,0.950000,5.000000,0.000000,
202,CAND_0005311,118.342720,applied_ml,relevance_ownership,AI Research Engineer,5.7,72.000000,12.000000,10.122720,0.320000,7.680000,0.000000,0.880000,3.840000,8.000000,1.500000,4.000000,3.000000,5.000000,0.000000,
203,CAND_0056881,118.270020,applied_ml,ml_platform,Machine Learning Engineer,4.5,72.000000,4.500000,9.989280,0.554240,11.680000,6.484500,0.000000,5.000000,5.500000,1.650000,1.562000,-0.650000,0.000000,0.000000,weak:skill_duration_overrun
204,CAND_0058300,118.266160,applied_ml,recommendation,AI Research Engineer,4.5,72.000000,7.500000,17.549280,0.452480,7.680000,0.000000,2.186400,5.000000,5.500000,1.050000,3.798000,0.550000,5.000000,0.000000,weak:salary_range_inverted
205,CAND_0001218,118.148480,applied_ml,recommendation,AI Specialist,6.4,72.000000,7.500000,20.000000,0.452480,7.680000,0.000000,0.880000,5.000000,8.000000,0.450000,2.836000,-1.650000,5.000000,0.000000,weak:repeated_role_description
206,CAND_0022023,118.052800,applied_ml,relevance_ownership,AI Research Engineer,4.6,72.000000,12.000000,11.712000,0.320000,8.640800,0.000000,1.840000,3.840000,5.500000,1.200000,4.000000,2.000000,5.000000,0.000000,
207,CAND_0025640,118.010640,applied_ml,recommendation,AI Research Engineer,5.6,72.000000,7.500000,18.708000,0.554240,5.360000,0.000000,0.880000,3.508400,8.000000,1.050000,4.000000,1.450000,5.000000,0.000000,weak:salary_range_inverted
208,CAND_0051486,117.867440,applied_ml,recommendation,AI Specialist,5.9,72.000000,7.500000,19.070400,0.554240,7.680000,0.000000,0.962800,5.000000,8.000000,0.000000,4.000000,-1.900000,5.000000,0.000000,weak:repeated_role_description
209,CAND_0035879,117.818400,applied_ml,recommendation,AI Research Engineer,4.5,72.000000,7.500000,20.000000,0.640000,7.680000,0.000000,0.880000,4.668400,5.500000,0.000000,4.000000,-0.050000,5.000000,0.000000,
210,CAND_0062413,117.692080,applied_ml,relevance_ownership,AI Research Engineer,6.6,72.000000,12.000000,12.867840,0.554240,5.360000,0.000000,0.880000,2.680000,8.000000,2.100000,4.000000,2.250000,5.000000,0.000000,
211,CAND_0055139,117.551680,applied_ml,recommendation,ML Engineer,6.9,72.000000,7.500000,17.438400,0.452480,8.640800,0.000000,0.880000,5.000000,8.000000,0.450000,3.840000,-1.650000,5.000000,0.000000,weak:repeated_role_description
212,CAND_0069773,117.460640,applied_ml,recommendation,AI Research Engineer,6.0,72.000000,7.500000,18.228000,0.554240,7.680000,0.000000,0.880000,4.668400,8.000000,0.600000,4.000000,-1.650000,5.000000,0.000000,
213,CAND_0061479,117.307040,applied_ml,recommendation,ML Engineer,5.0,72.000000,7.500000,19.266240,0.320000,8.640800,0.000000,0.680000,5.000000,8.000000,1.050000,1.500000,-1.650000,5.000000,0.000000,weak:repeated_role_description
214,CAND_0068777,117.211560,applied_ml,ml_platform,AI Research Engineer,6.6,72.000000,4.500000,16.305120,0.554240,10.298000,0.000000,3.840000,4.818200,8.000000,1.650000,0.696000,-0.450000,5.000000,0.000000,weak:repeated_role_description
215,CAND_0049978,117.210720,applied_ml,recommendation,Senior Software Engineer (ML),6.6,72.000000,7.500000,13.997280,0.554240,8.640800,0.000000,2.040000,4.668400,8.000000,0.600000,3.560000,0.650000,5.000000,0.000000,
216,CAND_0047521,117.104640,applied_ml,recommendation,Junior ML Engineer,4.4,72.000000,7.500000,18.590400,0.554240,7.680000,0.000000,0.880000,5.000000,5.500000,0.450000,4.000000,-0.050000,5.000000,0.000000,weak:repeated_role_description
217,CAND_0094165,117.067280,applied_ml,relevance_ownership,AI Research Engineer,5.8,72.000000,12.000000,11.712000,0.452480,7.680000,0.000000,2.122800,5.000000,8.000000,0.000000,4.000000,-0.900000,5.000000,0.000000,weak:repeated_role_description
218,CAND_0003557,117.001200,applied_ml,recommendation,ML Engineer,6.8,72.000000,7.500000,16.958400,0.640000,7.680000,0.000000,0.962800,5.000000,8.000000,1.050000,2.860000,-0.650000,5.000000,0.000000,weak:repeated_role_description
219,CAND_0009236,116.984720,applied_ml,recommendation,AI Specialist,6.3,72.000000,7.500000,19.746240,0.452480,7.680000,0.000000,0.680000,5.000000,8.000000,0.000000,2.826000,-1.900000,5.000000,0.000000,weak:repeated_role_description
220,CAND_0021706,116.953120,applied_ml,recommendation,AI Specialist,6.2,72.000000,7.500000,14.001120,0.000000,7.680000,0.000000,2.040000,5.000000,8.000000,0.000000,3.882000,1.850000,5.000000,0.000000,
221,CAND_0056262,116.935680,applied_ml,recommendation,Junior ML Engineer,6.0,72.000000,7.500000,17.438400,0.452480,8.640800,0.000000,0.880000,5.000000,8.000000,0.600000,0.874000,0.550000,5.000000,0.000000,weak:repeated_role_description
222,CAND_0060340,116.896080,applied_ml,recommendation,Computer Vision Engineer,6.1,72.000000,7.500000,12.845280,0.320000,8.640800,0.000000,2.040000,5.000000,8.000000,0.900000,4.000000,0.650000,5.000000,0.000000,
223,CAND_0040677,116.877280,applied_ml,recommendation,AI Research Engineer,4.2,72.000000,7.500000,17.549280,0.320000,8.640800,0.000000,2.122800,4.668400,5.500000,0.450000,3.826000,-0.700000,5.000000,0.000000,
224,CAND_0082489,116.861200,applied_ml,recommendation,ML Engineer,5.3,72.000000,7.500000,16.824000,0.320000,8.640800,0.000000,1.840000,4.668400,8.000000,1.050000,0.318000,0.700000,5.000000,0.000000,
225,CAND_0082913,116.796880,applied_ml,recommendation,Senior Software Engineer (ML),5.5,72.000000,7.500000,16.958400,0.452480,7.680000,0.000000,0.680000,5.000000,8.000000,0.600000,1.326000,1.600000,5.000000,0.000000,weak:repeated_role_description
226,CAND_0051466,116.711440,applied_ml,relevance_ownership,AI Research Engineer,5.3,72.000000,12.000000,7.296000,0.554240,8.640800,0.000000,2.520400,5.000000,8.000000,1.050000,4.000000,0.650000,5.000000,0.000000,
227,CAND_0016170,116.612960,applied_ml,recommendation,AI Research Engineer,6.8,72.000000,7.500000,17.549280,0.452480,7.680000,0.000000,0.962800,4.668400,8.000000,0.450000,4.000000,-1.650000,5.000000,0.000000,weak:activity_before_signup
228,CAND_0094685,116.571760,applied_ml,recommendation,AI Research Engineer,3.5,72.000000,7.500000,17.549280,0.452480,7.680000,0.000000,2.040000,5.000000,2.500000,0.600000,4.000000,2.250000,5.000000,0.000000,
229,CAND_0098780,116.453840,applied_ml,relevance_ownership,AI Research Engineer,5.9,72.000000,12.000000,12.387840,0.640000,7.680000,0.000000,0.680000,3.840000,8.000000,0.000000,3.576000,0.650000,5.000000,0.000000,weak:repeated_role_description
230,CAND_0022852,116.332480,applied_ml,recommendation,AI Research Engineer,5.4,72.000000,7.500000,17.549280,0.320000,8.640800,0.000000,2.186400,5.000000,8.000000,0.000000,0.586000,-0.450000,5.000000,0.000000,
231,CAND_0001930,116.170880,applied_ml,recommendation,Senior Software Engineer (ML),6.9,72.000000,7.500000,16.958400,0.452480,7.680000,0.000000,0.880000,5.000000,8.000000,0.600000,4.000000,-1.900000,5.000000,0.000000,weak:repeated_role_description
232,CAND_0084391,116.151280,applied_ml,recommendation,AI Research Engineer,3.5,72.000000,7.500000,19.181280,0.000000,7.680000,0.000000,2.040000,5.000000,2.500000,0.600000,4.000000,0.650000,5.000000,0.000000,weak:skill_duration_overrun
233,CAND_0010541,116.134320,applied_ml,ml_platform,AI Research Engineer,6.2,72.000000,4.500000,13.041120,0.640000,9.336800,0.000000,2.880000,4.320400,8.000000,1.050000,3.116000,2.250000,5.000000,0.000000,
234,CAND_0000273,116.125280,applied_ml,recommendation,ML Engineer,5.8,72.000000,7.500000,12.845280,0.320000,7.680000,0.000000,0.880000,5.000000,8.000000,1.050000,4.000000,1.850000,5.000000,0.000000,weak:salary_range_inverted
235,CAND_0029294,116.080720,applied_ml,relevance_ownership,AI Research Engineer,4.0,72.000000,12.000000,13.386720,0.320000,7.680000,0.000000,1.840000,5.000000,5.500000,0.000000,1.354000,2.000000,5.000000,0.000000,
236,CAND_0019288,115.949040,applied_ml,applied_ml,AI Research Engineer,5.7,72.000000,4.000000,9.600000,0.554240,8.640800,0.000000,4.040000,5.000000,8.000000,2.550000,3.564000,3.000000,5.000000,0.000000,weak:salary_range_inverted
237,CAND_0068932,115.796160,applied_ml,recommendation,ML Engineer,5.2,72.000000,7.500000,12.365280,0.452480,7.680000,0.000000,0.680000,4.668400,8.000000,0.450000,4.000000,3.000000,5.000000,0.000000,
238,CAND_0087316,115.726400,applied_ml,recommendation,AI Research Engineer,4.1,72.000000,7.500000,20.000000,0.320000,7.680000,0.000000,0.880000,4.668400,5.500000,0.450000,1.028000,0.700000,5.000000,0.000000,
239,CAND_0033749,115.662880,applied_ml,recommendation,Computer Vision Engineer,4.7,72.000000,7.500000,19.550400,0.452480,7.680000,0.000000,0.880000,5.000000,5.500000,0.000000,4.000000,-1.900000,5.000000,0.000000,weak:repeated_role_description
240,CAND_0013988,115.603200,applied_ml,recommendation,Junior ML Engineer,5.4,72.000000,7.500000,13.560000,0.320000,8.640800,0.000000,2.040000,4.668400,8.000000,1.050000,3.474000,-0.650000,5.000000,0.000000,
241,CAND_0099269,115.508800,applied_ml,recommendation,Data Scientist,5.5,72.000000,7.500000,13.041120,0.452480,8.640800,0.000000,2.040000,4.668400,8.000000,1.200000,3.266000,-0.300000,5.000000,0.000000,
242,CAND_0073917,115.452720,applied_ml,recommendation,Data Scientist,5.8,72.000000,7.500000,14.238720,0.320000,7.680000,0.000000,2.040000,5.000000,8.000000,0.600000,3.974000,-0.900000,5.000000,0.000000,
243,CAND_0024147,115.400720,applied_ml,recommendation,ML Engineer,5.9,72.000000,7.500000,13.719840,0.452480,7.680000,0.000000,0.680000,4.668400,8.000000,1.050000,4.000000,0.650000,5.000000,0.000000,
244,CAND_0043860,115.394640,applied_ml,recommendation,Junior ML Engineer,6.1,72.000000,7.500000,11.412000,0.554240,7.680000,0.000000,0.880000,4.668400,8.000000,1.050000,4.000000,2.650000,5.000000,0.000000,
245,CAND_0067866,115.354080,applied_ml,recommendation,Senior Software Engineer (ML),6.4,72.000000,7.500000,10.733280,0.640000,8.640800,0.000000,1.840000,5.000000,8.000000,0.000000,4.000000,2.000000,5.000000,0.000000,
246,CAND_0091890,115.228640,applied_ml,applied_ml,AI Research Engineer,4.7,72.000000,4.000000,15.153120,0.715520,7.680000,0.000000,2.880000,5.000000,5.500000,1.050000,4.000000,2.250000,5.000000,0.000000,
247,CAND_0099751,115.211680,applied_ml,recommendation,Junior ML Engineer,5.5,72.000000,7.500000,13.560000,0.452480,8.640800,0.000000,1.840000,4.668400,8.000000,0.000000,4.000000,-0.450000,5.000000,0.000000,
248,CAND_0032271,115.140240,applied_ml,applied_ml,AI Research Engineer,6.6,72.000000,4.000000,15.349440,0.320000,8.640800,0.000000,2.880000,5.000000,8.000000,0.000000,4.000000,-0.050000,5.000000,0.000000,
249,CAND_0018653,114.988640,applied_ml,recommendation,ML Engineer,6.5,72.000000,7.500000,18.590400,0.554240,7.680000,0.000000,0.680000,5.000000,8.000000,0.000000,1.334000,-0.900000,5.000000,0.450000,weak:activity_before_signup | weak:repeated_role_description
250,CAND_0066035,114.987520,applied_ml,recommendation,Data Scientist,6.7,72.000000,7.500000,11.693280,0.554240,8.640800,0.000000,2.122800,4.668400,8.000000,0.450000,3.958000,0.400000,5.000000,0.000000,
251,CAND_0068985,114.966800,applied_ml,recommendation,Senior Software Engineer (ML),5.2,72.000000,7.500000,13.521120,0.452480,8.640800,0.000000,1.840000,4.668400,8.000000,1.500000,1.294000,0.550000,5.000000,0.000000,weak:salary_range_inverted
252,CAND_0086028,114.842320,applied_ml,relevance_ownership,AI Research Engineer,6.2,72.000000,12.000000,14.001120,0.320000,8.640800,0.000000,2.040000,4.320400,8.000000,0.450000,-0.280000,-1.650000,5.000000,0.000000,weak:repeated_role_description
253,CAND_0053605,114.794160,applied_ml,recommendation,Senior Software Engineer (ML),6.9,72.000000,7.500000,11.213280,0.452480,7.680000,0.000000,0.680000,4.668400,8.000000,0.600000,4.000000,3.000000,5.000000,0.000000,
254,CAND_0046278,114.771760,applied_ml,recommendation,Senior Software Engineer (ML),4.6,72.000000,7.500000,15.149280,0.452480,7.680000,0.000000,1.840000,5.000000,5.500000,0.000000,4.000000,0.650000,5.000000,0.000000,
255,CAND_0088378,114.743280,applied_ml,relevance_ownership,AI Research Engineer,6.0,72.000000,12.000000,8.928000,0.452480,8.640800,0.000000,0.680000,3.840000,8.000000,1.200000,3.352000,0.650000,5.000000,0.000000,weak:repeated_role_description
256,CAND_0036484,114.720080,applied_ml,ml_platform,AI Research Engineer,5.7,72.000000,4.500000,12.387840,0.554240,10.298000,0.000000,3.840000,3.840000,8.000000,1.200000,4.000000,-0.900000,5.000000,0.000000,weak:repeated_role_description
257,CAND_0002770,114.593400,applied_ml,relevance_ownership,AI Research Engineer,5.7,72.000000,12.000000,9.600000,0.320000,8.640800,0.000000,2.122800,4.337800,8.000000,0.000000,3.022000,-0.450000,5.000000,0.000000,
258,CAND_0017648,114.588400,applied_ml,recommendation,AI Specialist,4.0,72.000000,7.500000,16.958400,0.320000,7.680000,0.000000,0.680000,5.000000,5.500000,0.000000,4.000000,-0.050000,5.000000,0.000000,weak:repeated_role_description
259,CAND_0054829,114.570160,applied_ml,recommendation,Computer Vision Engineer,5.7,72.000000,7.500000,12.365280,0.452480,7.680000,0.000000,0.680000,4.668400,8.000000,0.600000,3.624000,2.000000,5.000000,0.000000,
260,CAND_0097896,114.566800,applied_ml,recommendation,AI Research Engineer,4.8,72.000000,7.500000,20.000000,0.640000,8.640800,0.000000,0.680000,5.000000,5.500000,0.000000,0.056000,-0.450000,5.000000,0.000000,weak:repeated_role_description
261,CAND_0093331,114.562240,applied_ml,ml_platform,NLP Engineer,16.1,72.000000,4.500000,9.505920,5.792320,11.680000,4.600000,0.000000,4.680000,0.000000,1.050000,1.104000,2.650000,3.000000,0.000000,weak:repeated_role_description
262,CAND_0043381,114.552640,applied_ml,recommendation,AI Research Engineer,3.6,72.000000,7.500000,20.000000,0.554240,5.360000,0.000000,0.680000,3.508400,2.500000,1.200000,4.000000,2.250000,5.000000,0.000000,weak:skill_duration_overrun
263,CAND_0008517,114.514320,applied_ml,relevance_ownership,AI Research Engineer,5.6,72.000000,12.000000,15.153120,0.320000,4.640800,0.000000,0.680000,2.320400,8.000000,0.450000,4.000000,-0.050000,5.000000,0.000000,weak:salary_range_inverted
264,CAND_0074621,114.482400,applied_ml,recommendation,Data Scientist,5.2,72.000000,7.500000,17.438400,0.320000,7.680000,0.000000,0.880000,5.000000,8.000000,0.000000,0.364000,0.300000,5.000000,0.000000,weak:repeated_role_description
265,CAND_0074325,114.400480,applied_ml,recommendation,AI Research Engineer,3.9,72.000000,7.500000,18.029280,0.640000,8.640800,0.000000,1.840000,4.668400,2.500000,1.200000,0.382000,2.000000,5.000000,0.000000,
266,CAND_0018013,114.395680,applied_ml,recommendation,AI Specialist,6.7,72.000000,7.500000,13.997280,0.320000,7.680000,0.000000,0.680000,4.668400,8.000000,0.000000,4.000000,0.550000,5.000000,0.000000,
267,CAND_0085851,114.290560,applied_ml,recommendation,ML Engineer,7.0,72.000000,7.500000,10.733280,0.452480,8.640800,0.000000,1.840000,5.000000,8.000000,0.000000,3.124000,2.000000,5.000000,0.000000,weak:repeated_role_description
268,CAND_0096104,114.194160,applied_ml,recommendation,AI Specialist,7.0,72.000000,7.500000,11.213280,0.452480,7.680000,0.000000,0.680000,4.668400,8.000000,0.000000,4.000000,3.000000,5.000000,0.000000,weak:salary_range_inverted
269,CAND_0080534,114.020880,applied_ml,recommendation,ML Engineer,3.8,72.000000,7.500000,16.958400,0.452480,7.680000,0.000000,0.880000,5.000000,2.500000,0.600000,4.000000,1.450000,5.000000,0.000000,weak:repeated_role_description
270,CAND_0000422,113.917400,applied_ml,relevance_ownership,AI Research Engineer,6.3,72.000000,12.000000,13.521120,0.452480,3.680000,0.000000,2.040000,3.273800,8.000000,0.600000,4.000000,-0.650000,5.000000,0.000000,
271,CAND_0049217,113.915520,applied_ml,recommendation,Computer Vision Engineer,6.0,72.000000,7.500000,13.521120,0.320000,7.680000,0.000000,0.880000,4.668400,8.000000,1.200000,2.196000,0.950000,5.000000,0.000000,
272,CAND_0077296,113.833920,applied_ml,ml_platform,Computer Vision Engineer,5.8,72.000000,4.500000,8.337120,0.320000,9.336800,0.000000,3.840000,5.000000,8.000000,1.650000,4.000000,1.850000,5.000000,0.000000,weak:repeated_role_description
273,CAND_0026362,113.827520,applied_ml,recommendation,Data Scientist,5.0,72.000000,7.500000,11.213280,0.554240,7.680000,0.000000,0.880000,5.000000,8.000000,0.000000,4.000000,2.000000,5.000000,0.000000,
274,CAND_0097037,113.826600,applied_ml,relevance_ownership,AI Research Engineer,6.1,72.000000,12.000000,6.816000,0.640000,8.640800,0.000000,1.840000,4.337800,8.000000,1.650000,3.352000,-0.450000,5.000000,0.000000,
275,CAND_0032089,113.765800,applied_ml,applied_ml,ML Engineer,6.6,72.000000,4.000000,10.641120,0.452480,8.640800,0.000000,4.603400,5.000000,8.000000,1.800000,3.228000,0.400000,5.000000,0.000000,weak:repeated_role_description
276,CAND_0022720,113.735760,applied_ml,relevance_ownership,AI Research Engineer,6.5,72.000000,12.000000,14.673120,0.554240,7.680000,0.000000,0.680000,4.320400,8.000000,0.000000,1.728000,-2.900000,5.000000,0.000000,weak:repeated_role_description
277,CAND_0014858,113.728400,applied_ml,recommendation,AI Research Engineer,4.9,72.000000,7.500000,20.000000,0.640000,5.360000,0.000000,0.880000,3.508400,5.500000,0.600000,3.640000,-0.900000,5.000000,0.000000,
278,CAND_0060257,113.697440,applied_ml,applied_ml,AI Specialist,5.8,72.000000,4.000000,11.797440,0.640000,7.680000,0.000000,2.880000,5.000000,8.000000,0.450000,4.000000,2.250000,5.000000,0.000000,
279,CAND_0067322,113.606480,applied_ml,recommendation,Data Scientist,4.3,72.000000,7.500000,13.517280,0.640000,8.640800,0.000000,1.840000,4.668400,5.500000,1.200000,4.000000,-0.900000,5.000000,0.000000,
280,CAND_0088335,113.579200,applied_ml,relevance_ownership,AI Research Engineer,6.4,72.000000,12.000000,9.642720,0.452480,7.680000,0.000000,0.880000,3.840000,8.000000,0.900000,0.184000,3.000000,5.000000,0.000000,
281,CAND_0017178,113.568000,applied_ml,recommendation,ML Engineer,4.2,72.000000,7.500000,13.521120,0.452480,7.680000,0.000000,0.880000,4.668400,5.500000,0.450000,2.916000,3.000000,5.000000,0.000000,
282,CAND_0091254,113.369600,applied_ml,ml_platform,AI Research Engineer,5.2,72.000000,4.500000,11.232000,0.320000,9.336800,0.000000,2.962800,3.840000,8.000000,3.000000,2.778000,0.400000,5.000000,0.000000,
283,CAND_0092255,113.289760,applied_ml,applied_ml,ML Engineer,5.2,72.000000,4.000000,8.817120,0.554240,9.378400,0.000000,3.840000,5.000000,8.000000,0.450000,4.000000,2.250000,5.000000,0.000000,
284,CAND_0074486,113.227280,applied_ml,recommendation,Computer Vision Engineer,5.5,72.000000,7.500000,10.733280,0.320000,7.680000,0.000000,2.040000,5.000000,8.000000,0.600000,1.554000,2.800000,5.000000,0.000000,
285,CAND_0012798,113.035920,applied_ml,applied_ml,AI Research Engineer,5.1,72.000000,4.000000,16.305120,0.000000,8.640800,0.000000,2.680000,5.000000,8.000000,1.050000,-0.090000,0.450000,5.000000,0.000000,
286,CAND_0037566,113.021440,applied_ml,rag_system,Machine Learning Engineer,6.9,72.000000,6.500000,1.632000,7.704640,1.923200,9.600000,0.000000,0.961600,8.000000,1.050000,4.000000,2.650000,3.000000,0.000000,weak:repeated_role_description
287,CAND_0007596,112.976160,applied_ml,recommendation,Junior ML Engineer,4.4,72.000000,7.500000,12.845280,0.452480,7.680000,0.000000,0.880000,4.668400,5.500000,0.450000,4.000000,2.000000,5.000000,0.000000,
288,CAND_0095858,112.832720,applied_ml,relevance_ownership,AI Research Engineer,4.3,72.000000,12.000000,10.122720,0.000000,7.680000,0.000000,2.040000,5.000000,5.500000,2.100000,0.740000,0.650000,5.000000,0.000000,
289,CAND_0048558,112.586160,applied_ml,ml_platform,Data Scientist,6.7,72.000000,4.500000,6.705120,0.554240,9.336800,0.000000,4.040000,5.000000,8.000000,0.450000,4.000000,3.000000,5.000000,0.000000,
290,CAND_0063328,112.552160,applied_ml,recommendation,Computer Vision Engineer,4.6,72.000000,7.500000,12.845280,0.452480,7.680000,0.000000,0.880000,4.668400,5.500000,0.000000,3.776000,2.250000,5.000000,0.000000,
291,CAND_0076412,112.506800,applied_ml,relevance_ownership,AI Research Engineer,5.8,72.000000,12.000000,7.296000,0.320000,8.640800,0.000000,2.040000,3.840000,8.000000,0.000000,3.420000,-0.050000,5.000000,0.000000,
292,CAND_0049771,112.468000,applied_ml,relevance_ownership,AI Research Engineer,5.0,72.000000,12.000000,14.673120,0.452480,3.680000,0.000000,0.880000,2.320400,8.000000,0.900000,0.712000,1.850000,5.000000,0.000000,
293,CAND_0073007,112.451680,applied_ml,recommendation,AI Specialist,5.8,72.000000,7.500000,10.733280,0.640000,7.680000,0.000000,0.680000,4.668400,8.000000,0.900000,4.000000,0.650000,5.000000,0.000000,
294,CAND_0045141,112.352320,applied_ml,recommendation,Data Scientist,5.3,72.000000,7.500000,12.845280,0.554240,7.680000,0.000000,2.122800,5.000000,8.000000,0.000000,4.000000,2.650000,10.000000,0.000000,
295,CAND_0077552,112.350720,applied_ml,recommendation,Senior Software Engineer (ML),3.4,72.000000,7.500000,19.266240,0.452480,7.680000,0.000000,0.680000,5.000000,2.500000,0.600000,3.872000,2.800000,10.000000,0.000000,weak:repeated_role_description
296,CAND_0096209,112.328560,applied_ml,recommendation,ML Engineer,4.2,72.000000,7.500000,12.845280,0.452480,8.640800,0.000000,2.040000,5.000000,5.500000,0.000000,4.000000,-0.650000,5.000000,0.000000,
297,CAND_0093185,112.310000,applied_ml,recommendation,AI Research Engineer,4.1,72.000000,7.500000,20.000000,0.320000,7.680000,0.000000,0.680000,5.000000,5.500000,0.000000,0.280000,-1.650000,5.000000,0.000000,weak:repeated_role_description
298,CAND_0087766,112.304160,applied_ml,recommendation,Computer Vision Engineer,5.1,72.000000,7.500000,15.149280,0.452480,7.680000,0.000000,0.880000,4.668400,8.000000,0.000000,3.624000,-2.650000,5.000000,0.000000,
299,CAND_0038099,112.257760,applied_ml,recommendation,Junior ML Engineer,5.4,72.000000,7.500000,12.845280,0.452480,7.680000,0.000000,0.680000,5.000000,8.000000,0.000000,4.000000,-0.900000,5.000000,0.000000,
300,CAND_0062462,112.186080,applied_ml,recommendation,Computer Vision Engineer,5.0,72.000000,7.500000,11.213280,0.320000,7.680000,0.000000,2.122800,5.000000,8.000000,0.600000,1.800000,0.950000,5.000000,0.000000,
